{
    "_vcs_DPI_package": [
        "_vcs_DPI_package",
        "uM9F1",
        "module",
        1
    ],
    "vcs_paramclassrepository": [
        "vcs_paramclassrepository",
        "hEeZs",
        "module",
        2
    ],
    "_vcs_unit__2624260116": [
        "_vcs_unit__2624260116",
        "zIY3y",
        "module",
        9
    ],
    "std": [
        "std",
        "reYIK",
        "module",
        4
    ],
    "uvm_pkg": [
        "uvm_pkg",
        "zr7M1",
        "module",
        5
    ],
    "tw_factor_ifft_pkg": [
        "tw_factor_ifft_pkg",
        "rUwZn",
        "module",
        8
    ],
    "ifft_interface": [
        "ifft_interface",
        "BfAna",
        "module",
        7
    ],
    "ofdmdec": [
        "ofdmdec",
        "jcqBv",
        "module",
        6
    ],
    "top": [
        "top",
        "Emx8S",
        "module",
        3
    ],
    "...MASTER...": [
        "SIM",
        "amcQw",
        "module",
        10
    ]
}